{"cameraMode":{"drawMode":0,"name":"Shaded","section":"Shading Mode"},"sceneLighting":true,"audioPlay":false,"sceneViewState":{"showFog":true,"showMaterialUpdate":false,"showSkybox":true,"showFlares":true,"showImageEffects":true,"showParticleSystems":true},"in2DMode":false,"pivot":{"x":-5.4168291091918949,"y":0.3570738434791565,"z":0.33940601348876955},"rotation":{"x":-0.007434755098074675,"y":-0.13161316514015199,"z":-0.0009870876092463732,"w":0.9912714958190918},"size":2.4099490642547609,"orthographic":false}