{"cameraMode":{"drawMode":0,"name":"Shaded","section":"Shading Mode"},"sceneLighting":true,"audioPlay":false,"sceneViewState":{"showFog":true,"showMaterialUpdate":false,"showSkybox":true,"showFlares":true,"showImageEffects":true,"showParticleSystems":true},"in2DMode":false,"pivot":{"x":-2.6624162197113039,"y":1.965808391571045,"z":3.7665600776672365},"rotation":{"x":0.042826175689697269,"y":-0.052427295595407489,"z":0.0022501021157950165,"w":0.9977009296417236},"size":6.118236541748047,"orthographic":true}