{"cameraMode":{"drawMode":0,"name":"Shaded","section":"Shading Mode"},"sceneLighting":true,"audioPlay":false,"sceneViewState":{"showFog":true,"showMaterialUpdate":false,"showSkybox":true,"showFlares":true,"showImageEffects":true,"showParticleSystems":true},"in2DMode":false,"pivot":{"x":-0.17149469256401063,"y":-0.695650577545166,"z":1.9742307662963868},"rotation":{"x":0.14647096395492555,"y":0.0014838228235021234,"z":-0.00021970653324387968,"w":0.9892136454582214},"size":8.068703651428223,"orthographic":false}